,algo,anormal_detect,anormal_size,component,gamma,machine,normal_detect,normal_size,nu,sensibilite,specificite,type
0,OSVM,18.0,265.0,2.0,0.001,ToyCar_03,349.0,350.0,0.0001,0.06792452830188679,0.9971428571428571,ToyCar
1,OSVM,46.0,265.0,2.0,0.001,ToyCar_03,342.0,350.0,0.020929166666666665,0.17358490566037735,0.9771428571428571,ToyCar
2,OSVM,69.0,265.0,2.0,0.001,ToyCar_03,325.0,350.0,0.041758333333333335,0.26037735849056604,0.9285714285714286,ToyCar
3,OSVM,78.0,265.0,2.0,0.001,ToyCar_03,317.0,350.0,0.0625875,0.2943396226415094,0.9057142857142857,ToyCar
4,OSVM,84.0,265.0,2.0,0.001,ToyCar_03,313.0,350.0,0.08341666666666667,0.3169811320754717,0.8942857142857142,ToyCar
5,OSVM,88.0,265.0,2.0,0.001,ToyCar_03,302.0,350.0,0.10424583333333333,0.3320754716981132,0.8628571428571429,ToyCar
6,OSVM,98.0,265.0,2.0,0.001,ToyCar_03,293.0,350.0,0.125075,0.36981132075471695,0.8371428571428572,ToyCar
7,OSVM,105.0,265.0,2.0,0.001,ToyCar_03,287.0,350.0,0.14590416666666664,0.39622641509433965,0.82,ToyCar
8,OSVM,111.0,265.0,2.0,0.001,ToyCar_03,278.0,350.0,0.16673333333333332,0.4188679245283019,0.7942857142857143,ToyCar
9,OSVM,115.0,265.0,2.0,0.001,ToyCar_03,273.0,350.0,0.1875625,0.4339622641509434,0.78,ToyCar
10,OSVM,118.0,265.0,2.0,0.001,ToyCar_03,267.0,350.0,0.20839166666666664,0.44528301886792454,0.7628571428571429,ToyCar
11,OSVM,125.0,265.0,2.0,0.001,ToyCar_03,257.0,350.0,0.22922083333333332,0.4716981132075472,0.7342857142857143,ToyCar
12,OSVM,130.0,265.0,2.0,0.001,ToyCar_03,248.0,350.0,0.25005,0.49056603773584906,0.7085714285714285,ToyCar
13,OSVM,135.0,265.0,2.0,0.001,ToyCar_03,241.0,350.0,0.27087916666666667,0.5094339622641509,0.6885714285714286,ToyCar
14,OSVM,144.0,265.0,2.0,0.001,ToyCar_03,229.0,350.0,0.2917083333333333,0.5433962264150943,0.6542857142857142,ToyCar
15,OSVM,151.0,265.0,2.0,0.001,ToyCar_03,220.0,350.0,0.31253749999999997,0.569811320754717,0.6285714285714286,ToyCar
16,OSVM,155.0,265.0,2.0,0.001,ToyCar_03,217.0,350.0,0.33336666666666664,0.5849056603773585,0.62,ToyCar
17,OSVM,163.0,265.0,2.0,0.001,ToyCar_03,209.0,350.0,0.3541958333333333,0.6150943396226415,0.5971428571428572,ToyCar
18,OSVM,165.0,265.0,2.0,0.001,ToyCar_03,205.0,350.0,0.375025,0.6226415094339622,0.5857142857142857,ToyCar
19,OSVM,170.0,265.0,2.0,0.001,ToyCar_03,200.0,350.0,0.3958541666666666,0.6415094339622641,0.5714285714285714,ToyCar
20,OSVM,171.0,265.0,2.0,0.001,ToyCar_03,195.0,350.0,0.4166833333333333,0.6452830188679245,0.5571428571428572,ToyCar
21,OSVM,176.0,265.0,2.0,0.001,ToyCar_03,182.0,350.0,0.43751249999999997,0.6641509433962264,0.52,ToyCar
22,OSVM,183.0,265.0,2.0,0.001,ToyCar_03,171.0,350.0,0.45834166666666665,0.690566037735849,0.48857142857142855,ToyCar
23,OSVM,188.0,265.0,2.0,0.001,ToyCar_03,157.0,350.0,0.4791708333333333,0.7094339622641509,0.44857142857142857,ToyCar
24,OSVM,189.0,265.0,2.0,0.001,ToyCar_03,152.0,350.0,0.5,0.7132075471698113,0.4342857142857143,ToyCar
25,OSVM,165.0,265.0,2.0,0.001,ToyCar_04,347.0,350.0,0.0001,0.6226415094339622,0.9914285714285714,ToyCar
26,OSVM,191.0,265.0,2.0,0.001,ToyCar_04,341.0,350.0,0.020929166666666665,0.720754716981132,0.9742857142857143,ToyCar
27,OSVM,206.0,265.0,2.0,0.001,ToyCar_04,330.0,350.0,0.041758333333333335,0.7773584905660378,0.9428571428571428,ToyCar
28,OSVM,220.0,265.0,2.0,0.001,ToyCar_04,320.0,350.0,0.0625875,0.8301886792452831,0.9142857142857143,ToyCar
29,OSVM,221.0,265.0,2.0,0.001,ToyCar_04,316.0,350.0,0.08341666666666667,0.8339622641509434,0.9028571428571428,ToyCar
30,OSVM,226.0,265.0,2.0,0.001,ToyCar_04,305.0,350.0,0.10424583333333333,0.8528301886792453,0.8714285714285714,ToyCar
31,OSVM,227.0,265.0,2.0,0.001,ToyCar_04,297.0,350.0,0.125075,0.8566037735849057,0.8485714285714285,ToyCar
32,OSVM,230.0,265.0,2.0,0.001,ToyCar_04,287.0,350.0,0.14590416666666664,0.8679245283018868,0.82,ToyCar
33,OSVM,234.0,265.0,2.0,0.001,ToyCar_04,286.0,350.0,0.16673333333333332,0.8830188679245283,0.8171428571428572,ToyCar
34,OSVM,235.0,265.0,2.0,0.001,ToyCar_04,276.0,350.0,0.1875625,0.8867924528301887,0.7885714285714286,ToyCar
35,OSVM,236.0,265.0,2.0,0.001,ToyCar_04,266.0,350.0,0.20839166666666664,0.8905660377358491,0.76,ToyCar
36,OSVM,238.0,265.0,2.0,0.001,ToyCar_04,258.0,350.0,0.22922083333333332,0.8981132075471698,0.7371428571428571,ToyCar
37,OSVM,240.0,265.0,2.0,0.001,ToyCar_04,253.0,350.0,0.25005,0.9056603773584906,0.7228571428571429,ToyCar
38,OSVM,242.0,265.0,2.0,0.001,ToyCar_04,248.0,350.0,0.27087916666666667,0.9132075471698113,0.7085714285714285,ToyCar
39,OSVM,246.0,265.0,2.0,0.001,ToyCar_04,239.0,350.0,0.2917083333333333,0.9283018867924528,0.6828571428571428,ToyCar
40,OSVM,247.0,265.0,2.0,0.001,ToyCar_04,233.0,350.0,0.31253749999999997,0.9320754716981132,0.6657142857142857,ToyCar
41,OSVM,248.0,265.0,2.0,0.001,ToyCar_04,233.0,350.0,0.33336666666666664,0.9358490566037736,0.6657142857142857,ToyCar
42,OSVM,248.0,265.0,2.0,0.001,ToyCar_04,228.0,350.0,0.3541958333333333,0.9358490566037736,0.6514285714285715,ToyCar
43,OSVM,248.0,265.0,2.0,0.001,ToyCar_04,222.0,350.0,0.375025,0.9358490566037736,0.6342857142857142,ToyCar
44,OSVM,249.0,265.0,2.0,0.001,ToyCar_04,216.0,350.0,0.3958541666666666,0.939622641509434,0.6171428571428571,ToyCar
45,OSVM,250.0,265.0,2.0,0.001,ToyCar_04,211.0,350.0,0.4166833333333333,0.9433962264150944,0.6028571428571429,ToyCar
46,OSVM,250.0,265.0,2.0,0.001,ToyCar_04,208.0,350.0,0.43751249999999997,0.9433962264150944,0.5942857142857143,ToyCar
47,OSVM,250.0,265.0,2.0,0.001,ToyCar_04,202.0,350.0,0.45834166666666665,0.9433962264150944,0.5771428571428572,ToyCar
48,OSVM,250.0,265.0,2.0,0.001,ToyCar_04,189.0,350.0,0.4791708333333333,0.9433962264150944,0.54,ToyCar
49,OSVM,251.0,265.0,2.0,0.001,ToyCar_04,178.0,350.0,0.5,0.9471698113207547,0.5085714285714286,ToyCar
50,OSVM,120.0,264.0,2.0,0.001,ToyCar_01,344.0,350.0,0.0001,0.45454545454545453,0.9828571428571429,ToyCar
51,OSVM,134.0,264.0,2.0,0.001,ToyCar_01,334.0,350.0,0.020929166666666665,0.5075757575757576,0.9542857142857143,ToyCar
52,OSVM,145.0,264.0,2.0,0.001,ToyCar_01,318.0,350.0,0.041758333333333335,0.5492424242424242,0.9085714285714286,ToyCar
53,OSVM,158.0,264.0,2.0,0.001,ToyCar_01,309.0,350.0,0.0625875,0.5984848484848485,0.8828571428571429,ToyCar
54,OSVM,162.0,264.0,2.0,0.001,ToyCar_01,306.0,350.0,0.08341666666666667,0.6136363636363636,0.8742857142857143,ToyCar
55,OSVM,168.0,264.0,2.0,0.001,ToyCar_01,297.0,350.0,0.10424583333333333,0.6363636363636364,0.8485714285714285,ToyCar
56,OSVM,176.0,264.0,2.0,0.001,ToyCar_01,290.0,350.0,0.125075,0.6666666666666666,0.8285714285714286,ToyCar
57,OSVM,179.0,264.0,2.0,0.001,ToyCar_01,287.0,350.0,0.14590416666666664,0.678030303030303,0.82,ToyCar
58,OSVM,185.0,264.0,2.0,0.001,ToyCar_01,273.0,350.0,0.16673333333333332,0.7007575757575758,0.78,ToyCar
59,OSVM,190.0,264.0,2.0,0.001,ToyCar_01,262.0,350.0,0.1875625,0.7196969696969697,0.7485714285714286,ToyCar
60,OSVM,194.0,264.0,2.0,0.001,ToyCar_01,253.0,350.0,0.20839166666666664,0.7348484848484849,0.7228571428571429,ToyCar
61,OSVM,200.0,264.0,2.0,0.001,ToyCar_01,243.0,350.0,0.22922083333333332,0.7575757575757576,0.6942857142857143,ToyCar
62,OSVM,202.0,264.0,2.0,0.001,ToyCar_01,233.0,350.0,0.25005,0.7651515151515151,0.6657142857142857,ToyCar
63,OSVM,204.0,264.0,2.0,0.001,ToyCar_01,221.0,350.0,0.27087916666666667,0.7727272727272727,0.6314285714285715,ToyCar
64,OSVM,210.0,264.0,2.0,0.001,ToyCar_01,217.0,350.0,0.2917083333333333,0.7954545454545454,0.62,ToyCar
65,OSVM,212.0,264.0,2.0,0.001,ToyCar_01,213.0,350.0,0.31253749999999997,0.803030303030303,0.6085714285714285,ToyCar
66,OSVM,214.0,264.0,2.0,0.001,ToyCar_01,207.0,350.0,0.33336666666666664,0.8106060606060606,0.5914285714285714,ToyCar
67,OSVM,218.0,264.0,2.0,0.001,ToyCar_01,195.0,350.0,0.3541958333333333,0.8257575757575758,0.5571428571428572,ToyCar
68,OSVM,219.0,264.0,2.0,0.001,ToyCar_01,190.0,350.0,0.375025,0.8295454545454546,0.5428571428571428,ToyCar
69,OSVM,222.0,264.0,2.0,0.001,ToyCar_01,183.0,350.0,0.3958541666666666,0.8409090909090909,0.5228571428571429,ToyCar
70,OSVM,223.0,264.0,2.0,0.001,ToyCar_01,178.0,350.0,0.4166833333333333,0.8446969696969697,0.5085714285714286,ToyCar
71,OSVM,225.0,264.0,2.0,0.001,ToyCar_01,169.0,350.0,0.43751249999999997,0.8522727272727273,0.4828571428571429,ToyCar
72,OSVM,225.0,264.0,2.0,0.001,ToyCar_01,162.0,350.0,0.45834166666666665,0.8522727272727273,0.46285714285714286,ToyCar
73,OSVM,226.0,264.0,2.0,0.001,ToyCar_01,152.0,350.0,0.4791708333333333,0.8560606060606061,0.4342857142857143,ToyCar
74,OSVM,229.0,264.0,2.0,0.001,ToyCar_01,146.0,350.0,0.5,0.8674242424242424,0.41714285714285715,ToyCar
75,OSVM,167.0,265.0,2.0,0.001,ToyCar_02,345.0,350.0,0.0001,0.630188679245283,0.9857142857142858,ToyCar
76,OSVM,181.0,265.0,2.0,0.001,ToyCar_02,341.0,350.0,0.020929166666666665,0.6830188679245283,0.9742857142857143,ToyCar
77,OSVM,201.0,265.0,2.0,0.001,ToyCar_02,332.0,350.0,0.041758333333333335,0.7584905660377359,0.9485714285714286,ToyCar
78,OSVM,202.0,265.0,2.0,0.001,ToyCar_02,325.0,350.0,0.0625875,0.7622641509433963,0.9285714285714286,ToyCar
79,OSVM,205.0,265.0,2.0,0.001,ToyCar_02,317.0,350.0,0.08341666666666667,0.7735849056603774,0.9057142857142857,ToyCar
80,OSVM,207.0,265.0,2.0,0.001,ToyCar_02,313.0,350.0,0.10424583333333333,0.7811320754716982,0.8942857142857142,ToyCar
81,OSVM,210.0,265.0,2.0,0.001,ToyCar_02,307.0,350.0,0.125075,0.7924528301886793,0.8771428571428571,ToyCar
82,OSVM,213.0,265.0,2.0,0.001,ToyCar_02,304.0,350.0,0.14590416666666664,0.8037735849056604,0.8685714285714285,ToyCar
83,OSVM,216.0,265.0,2.0,0.001,ToyCar_02,297.0,350.0,0.16673333333333332,0.8150943396226416,0.8485714285714285,ToyCar
84,OSVM,222.0,265.0,2.0,0.001,ToyCar_02,286.0,350.0,0.1875625,0.8377358490566038,0.8171428571428572,ToyCar
85,OSVM,224.0,265.0,2.0,0.001,ToyCar_02,277.0,350.0,0.20839166666666664,0.8452830188679246,0.7914285714285715,ToyCar
86,OSVM,226.0,265.0,2.0,0.001,ToyCar_02,273.0,350.0,0.22922083333333332,0.8528301886792453,0.78,ToyCar
87,OSVM,227.0,265.0,2.0,0.001,ToyCar_02,264.0,350.0,0.25005,0.8566037735849057,0.7542857142857143,ToyCar
88,OSVM,230.0,265.0,2.0,0.001,ToyCar_02,256.0,350.0,0.27087916666666667,0.8679245283018868,0.7314285714285714,ToyCar
89,OSVM,232.0,265.0,2.0,0.001,ToyCar_02,246.0,350.0,0.2917083333333333,0.8754716981132076,0.7028571428571428,ToyCar
90,OSVM,232.0,265.0,2.0,0.001,ToyCar_02,238.0,350.0,0.31253749999999997,0.8754716981132076,0.68,ToyCar
91,OSVM,232.0,265.0,2.0,0.001,ToyCar_02,234.0,350.0,0.33336666666666664,0.8754716981132076,0.6685714285714286,ToyCar
92,OSVM,232.0,265.0,2.0,0.001,ToyCar_02,229.0,350.0,0.3541958333333333,0.8754716981132076,0.6542857142857142,ToyCar
93,OSVM,235.0,265.0,2.0,0.001,ToyCar_02,223.0,350.0,0.375025,0.8867924528301887,0.6371428571428571,ToyCar
94,OSVM,236.0,265.0,2.0,0.001,ToyCar_02,217.0,350.0,0.3958541666666666,0.8905660377358491,0.62,ToyCar
95,OSVM,236.0,265.0,2.0,0.001,ToyCar_02,212.0,350.0,0.4166833333333333,0.8905660377358491,0.6057142857142858,ToyCar
96,OSVM,237.0,265.0,2.0,0.001,ToyCar_02,204.0,350.0,0.43751249999999997,0.8943396226415095,0.5828571428571429,ToyCar
97,OSVM,237.0,265.0,2.0,0.001,ToyCar_02,201.0,350.0,0.45834166666666665,0.8943396226415095,0.5742857142857143,ToyCar
98,OSVM,237.0,265.0,2.0,0.001,ToyCar_02,194.0,350.0,0.4791708333333333,0.8943396226415095,0.5542857142857143,ToyCar
99,OSVM,238.0,265.0,2.0,0.001,ToyCar_02,183.0,350.0,0.5,0.8981132075471698,0.5228571428571429,ToyCar
100,OSVM,19.0,355.0,2.0,0.001,ToyConveyor_03,789.0,799.0,0.0001,0.05352112676056338,0.9874843554443054,ToyConveyor
101,OSVM,35.0,355.0,2.0,0.001,ToyConveyor_03,764.0,799.0,0.020929166666666665,0.09859154929577464,0.9561952440550688,ToyConveyor
102,OSVM,41.0,355.0,2.0,0.001,ToyConveyor_03,745.0,799.0,0.041758333333333335,0.11549295774647887,0.932415519399249,ToyConveyor
103,OSVM,45.0,355.0,2.0,0.001,ToyConveyor_03,732.0,799.0,0.0625875,0.1267605633802817,0.9161451814768461,ToyConveyor
104,OSVM,50.0,355.0,2.0,0.001,ToyConveyor_03,705.0,799.0,0.08341666666666667,0.14084507042253522,0.8823529411764706,ToyConveyor
105,OSVM,59.0,355.0,2.0,0.001,ToyConveyor_03,682.0,799.0,0.10424583333333333,0.16619718309859155,0.853566958698373,ToyConveyor
106,OSVM,65.0,355.0,2.0,0.001,ToyConveyor_03,669.0,799.0,0.125075,0.18309859154929578,0.83729662077597,ToyConveyor
107,OSVM,73.0,355.0,2.0,0.001,ToyConveyor_03,657.0,799.0,0.14590416666666664,0.2056338028169014,0.8222778473091364,ToyConveyor
108,OSVM,79.0,355.0,2.0,0.001,ToyConveyor_03,646.0,799.0,0.16673333333333332,0.22253521126760564,0.8085106382978723,ToyConveyor
109,OSVM,88.0,355.0,2.0,0.001,ToyConveyor_03,633.0,799.0,0.1875625,0.24788732394366197,0.7922403003754693,ToyConveyor
110,OSVM,101.0,355.0,2.0,0.001,ToyConveyor_03,614.0,799.0,0.20839166666666664,0.28450704225352114,0.7684605757196495,ToyConveyor
111,OSVM,107.0,355.0,2.0,0.001,ToyConveyor_03,596.0,799.0,0.22922083333333332,0.30140845070422534,0.7459324155193993,ToyConveyor
112,OSVM,117.0,355.0,2.0,0.001,ToyConveyor_03,553.0,799.0,0.25005,0.3295774647887324,0.6921151439299124,ToyConveyor
113,OSVM,123.0,355.0,2.0,0.001,ToyConveyor_03,545.0,799.0,0.27087916666666667,0.3464788732394366,0.6821026282853567,ToyConveyor
114,OSVM,129.0,355.0,2.0,0.001,ToyConveyor_03,529.0,799.0,0.2917083333333333,0.36338028169014086,0.6620775969962454,ToyConveyor
115,OSVM,137.0,355.0,2.0,0.001,ToyConveyor_03,519.0,799.0,0.31253749999999997,0.38591549295774646,0.6495619524405507,ToyConveyor
116,OSVM,149.0,355.0,2.0,0.001,ToyConveyor_03,503.0,799.0,0.33336666666666664,0.4197183098591549,0.6295369211514393,ToyConveyor
117,OSVM,157.0,355.0,2.0,0.001,ToyConveyor_03,484.0,799.0,0.3541958333333333,0.4422535211267606,0.6057571964956195,ToyConveyor
118,OSVM,166.0,355.0,2.0,0.001,ToyConveyor_03,456.0,799.0,0.375025,0.4676056338028169,0.5707133917396746,ToyConveyor
119,OSVM,172.0,355.0,2.0,0.001,ToyConveyor_03,448.0,799.0,0.3958541666666666,0.48450704225352115,0.5607008760951189,ToyConveyor
120,OSVM,182.0,355.0,2.0,0.001,ToyConveyor_03,434.0,799.0,0.4166833333333333,0.5126760563380282,0.5431789737171464,ToyConveyor
121,OSVM,188.0,355.0,2.0,0.001,ToyConveyor_03,418.0,799.0,0.43751249999999997,0.5295774647887324,0.523153942428035,ToyConveyor
122,OSVM,192.0,355.0,2.0,0.001,ToyConveyor_03,403.0,799.0,0.45834166666666665,0.5408450704225352,0.5043804755944932,ToyConveyor
123,OSVM,202.0,355.0,2.0,0.001,ToyConveyor_03,382.0,799.0,0.4791708333333333,0.5690140845070423,0.4780976220275344,ToyConveyor
124,OSVM,210.0,355.0,2.0,0.001,ToyConveyor_03,367.0,799.0,0.5,0.5915492957746479,0.4593241551939925,ToyConveyor
125,OSVM,19.0,400.0,2.0,0.001,ToyConveyor_01,797.0,800.0,0.0001,0.0475,0.99625,ToyConveyor
126,OSVM,40.0,400.0,2.0,0.001,ToyConveyor_01,788.0,800.0,0.020929166666666665,0.1,0.985,ToyConveyor
127,OSVM,65.0,400.0,2.0,0.001,ToyConveyor_01,760.0,800.0,0.041758333333333335,0.1625,0.95,ToyConveyor
128,OSVM,74.0,400.0,2.0,0.001,ToyConveyor_01,734.0,800.0,0.0625875,0.185,0.9175,ToyConveyor
129,OSVM,88.0,400.0,2.0,0.001,ToyConveyor_01,711.0,800.0,0.08341666666666667,0.22,0.88875,ToyConveyor
130,OSVM,99.0,400.0,2.0,0.001,ToyConveyor_01,696.0,800.0,0.10424583333333333,0.2475,0.87,ToyConveyor
131,OSVM,116.0,400.0,2.0,0.001,ToyConveyor_01,669.0,800.0,0.125075,0.29,0.83625,ToyConveyor
132,OSVM,127.0,400.0,2.0,0.001,ToyConveyor_01,642.0,800.0,0.14590416666666664,0.3175,0.8025,ToyConveyor
133,OSVM,139.0,400.0,2.0,0.001,ToyConveyor_01,626.0,800.0,0.16673333333333332,0.3475,0.7825,ToyConveyor
134,OSVM,150.0,400.0,2.0,0.001,ToyConveyor_01,612.0,800.0,0.1875625,0.375,0.765,ToyConveyor
135,OSVM,158.0,400.0,2.0,0.001,ToyConveyor_01,600.0,800.0,0.20839166666666664,0.395,0.75,ToyConveyor
136,OSVM,168.0,400.0,2.0,0.001,ToyConveyor_01,585.0,800.0,0.22922083333333332,0.42,0.73125,ToyConveyor
137,OSVM,174.0,400.0,2.0,0.001,ToyConveyor_01,571.0,800.0,0.25005,0.435,0.71375,ToyConveyor
138,OSVM,178.0,400.0,2.0,0.001,ToyConveyor_01,555.0,800.0,0.27087916666666667,0.445,0.69375,ToyConveyor
139,OSVM,186.0,400.0,2.0,0.001,ToyConveyor_01,526.0,800.0,0.2917083333333333,0.465,0.6575,ToyConveyor
140,OSVM,190.0,400.0,2.0,0.001,ToyConveyor_01,510.0,800.0,0.31253749999999997,0.475,0.6375,ToyConveyor
141,OSVM,203.0,400.0,2.0,0.001,ToyConveyor_01,498.0,800.0,0.33336666666666664,0.5075,0.6225,ToyConveyor
142,OSVM,215.0,400.0,2.0,0.001,ToyConveyor_01,477.0,800.0,0.3541958333333333,0.5375,0.59625,ToyConveyor
143,OSVM,231.0,400.0,2.0,0.001,ToyConveyor_01,465.0,800.0,0.375025,0.5775,0.58125,ToyConveyor
144,OSVM,239.0,400.0,2.0,0.001,ToyConveyor_01,455.0,800.0,0.3958541666666666,0.5975,0.56875,ToyConveyor
145,OSVM,248.0,400.0,2.0,0.001,ToyConveyor_01,443.0,800.0,0.4166833333333333,0.62,0.55375,ToyConveyor
146,OSVM,257.0,400.0,2.0,0.001,ToyConveyor_01,436.0,800.0,0.43751249999999997,0.6425,0.545,ToyConveyor
147,OSVM,267.0,400.0,2.0,0.001,ToyConveyor_01,419.0,800.0,0.45834166666666665,0.6675,0.52375,ToyConveyor
148,OSVM,270.0,400.0,2.0,0.001,ToyConveyor_01,407.0,800.0,0.4791708333333333,0.675,0.50875,ToyConveyor
149,OSVM,276.0,400.0,2.0,0.001,ToyConveyor_01,391.0,800.0,0.5,0.69,0.48875,ToyConveyor
150,OSVM,3.0,355.0,2.0,0.001,ToyConveyor_02,793.0,800.0,0.0001,0.008450704225352112,0.99125,ToyConveyor
151,OSVM,18.0,355.0,2.0,0.001,ToyConveyor_02,780.0,800.0,0.020929166666666665,0.05070422535211268,0.975,ToyConveyor
152,OSVM,29.0,355.0,2.0,0.001,ToyConveyor_02,761.0,800.0,0.041758333333333335,0.08169014084507042,0.95125,ToyConveyor
153,OSVM,47.0,355.0,2.0,0.001,ToyConveyor_02,730.0,800.0,0.0625875,0.1323943661971831,0.9125,ToyConveyor
154,OSVM,56.0,355.0,2.0,0.001,ToyConveyor_02,718.0,800.0,0.08341666666666667,0.15774647887323945,0.8975,ToyConveyor
155,OSVM,62.0,355.0,2.0,0.001,ToyConveyor_02,707.0,800.0,0.10424583333333333,0.17464788732394365,0.88375,ToyConveyor
156,OSVM,67.0,355.0,2.0,0.001,ToyConveyor_02,700.0,800.0,0.125075,0.18873239436619718,0.875,ToyConveyor
157,OSVM,74.0,355.0,2.0,0.001,ToyConveyor_02,687.0,800.0,0.14590416666666664,0.2084507042253521,0.85875,ToyConveyor
158,OSVM,82.0,355.0,2.0,0.001,ToyConveyor_02,672.0,800.0,0.16673333333333332,0.23098591549295774,0.84,ToyConveyor
159,OSVM,85.0,355.0,2.0,0.001,ToyConveyor_02,655.0,800.0,0.1875625,0.23943661971830985,0.81875,ToyConveyor
160,OSVM,94.0,355.0,2.0,0.001,ToyConveyor_02,632.0,800.0,0.20839166666666664,0.2647887323943662,0.79,ToyConveyor
161,OSVM,105.0,355.0,2.0,0.001,ToyConveyor_02,618.0,800.0,0.22922083333333332,0.29577464788732394,0.7725,ToyConveyor
162,OSVM,110.0,355.0,2.0,0.001,ToyConveyor_02,603.0,800.0,0.25005,0.30985915492957744,0.75375,ToyConveyor
163,OSVM,117.0,355.0,2.0,0.001,ToyConveyor_02,583.0,800.0,0.27087916666666667,0.3295774647887324,0.72875,ToyConveyor
164,OSVM,125.0,355.0,2.0,0.001,ToyConveyor_02,569.0,800.0,0.2917083333333333,0.352112676056338,0.71125,ToyConveyor
165,OSVM,127.0,355.0,2.0,0.001,ToyConveyor_02,554.0,800.0,0.31253749999999997,0.35774647887323946,0.6925,ToyConveyor
166,OSVM,136.0,355.0,2.0,0.001,ToyConveyor_02,526.0,800.0,0.33336666666666664,0.38309859154929576,0.6575,ToyConveyor
167,OSVM,145.0,355.0,2.0,0.001,ToyConveyor_02,493.0,800.0,0.3541958333333333,0.4084507042253521,0.61625,ToyConveyor
168,OSVM,153.0,355.0,2.0,0.001,ToyConveyor_02,471.0,800.0,0.375025,0.4309859154929577,0.58875,ToyConveyor
169,OSVM,164.0,355.0,2.0,0.001,ToyConveyor_02,450.0,800.0,0.3958541666666666,0.4619718309859155,0.5625,ToyConveyor
170,OSVM,177.0,355.0,2.0,0.001,ToyConveyor_02,435.0,800.0,0.4166833333333333,0.49859154929577465,0.54375,ToyConveyor
171,OSVM,180.0,355.0,2.0,0.001,ToyConveyor_02,428.0,800.0,0.43751249999999997,0.5070422535211268,0.535,ToyConveyor
172,OSVM,189.0,355.0,2.0,0.001,ToyConveyor_02,412.0,800.0,0.45834166666666665,0.532394366197183,0.515,ToyConveyor
173,OSVM,193.0,355.0,2.0,0.001,ToyConveyor_02,395.0,800.0,0.4791708333333333,0.543661971830986,0.49375,ToyConveyor
174,OSVM,202.0,355.0,2.0,0.001,ToyConveyor_02,376.0,800.0,0.5,0.5690140845070423,0.47,ToyConveyor
175,OSVM,53.0,348.0,2.0,0.001,fan_04,94.0,100.0,0.0001,0.15229885057471265,0.94,fan
176,OSVM,89.0,348.0,2.0,0.001,fan_04,90.0,100.0,0.020929166666666665,0.2557471264367816,0.9,fan
177,OSVM,114.0,348.0,2.0,0.001,fan_04,89.0,100.0,0.041758333333333335,0.3275862068965517,0.89,fan
178,OSVM,131.0,348.0,2.0,0.001,fan_04,88.0,100.0,0.0625875,0.3764367816091954,0.88,fan
179,OSVM,143.0,348.0,2.0,0.001,fan_04,85.0,100.0,0.08341666666666667,0.4109195402298851,0.85,fan
180,OSVM,157.0,348.0,2.0,0.001,fan_04,83.0,100.0,0.10424583333333333,0.4511494252873563,0.83,fan
181,OSVM,169.0,348.0,2.0,0.001,fan_04,82.0,100.0,0.125075,0.48563218390804597,0.82,fan
182,OSVM,178.0,348.0,2.0,0.001,fan_04,81.0,100.0,0.14590416666666664,0.5114942528735632,0.81,fan
183,OSVM,186.0,348.0,2.0,0.001,fan_04,78.0,100.0,0.16673333333333332,0.5344827586206896,0.78,fan
184,OSVM,192.0,348.0,2.0,0.001,fan_04,75.0,100.0,0.1875625,0.5517241379310345,0.75,fan
185,OSVM,199.0,348.0,2.0,0.001,fan_04,71.0,100.0,0.20839166666666664,0.5718390804597702,0.71,fan
186,OSVM,204.0,348.0,2.0,0.001,fan_04,70.0,100.0,0.22922083333333332,0.5862068965517241,0.7,fan
187,OSVM,208.0,348.0,2.0,0.001,fan_04,67.0,100.0,0.25005,0.5977011494252874,0.67,fan
188,OSVM,212.0,348.0,2.0,0.001,fan_04,66.0,100.0,0.27087916666666667,0.6091954022988506,0.66,fan
189,OSVM,218.0,348.0,2.0,0.001,fan_04,65.0,100.0,0.2917083333333333,0.6264367816091954,0.65,fan
190,OSVM,223.0,348.0,2.0,0.001,fan_04,61.0,100.0,0.31253749999999997,0.6408045977011494,0.61,fan
191,OSVM,229.0,348.0,2.0,0.001,fan_04,59.0,100.0,0.33336666666666664,0.6580459770114943,0.59,fan
192,OSVM,234.0,348.0,2.0,0.001,fan_04,55.0,100.0,0.3541958333333333,0.6724137931034483,0.55,fan
193,OSVM,236.0,348.0,2.0,0.001,fan_04,53.0,100.0,0.375025,0.6781609195402298,0.53,fan
194,OSVM,246.0,348.0,2.0,0.001,fan_04,50.0,100.0,0.3958541666666666,0.7068965517241379,0.5,fan
195,OSVM,249.0,348.0,2.0,0.001,fan_04,48.0,100.0,0.4166833333333333,0.7155172413793104,0.48,fan
196,OSVM,253.0,348.0,2.0,0.001,fan_04,44.0,100.0,0.43751249999999997,0.7270114942528736,0.44,fan
197,OSVM,255.0,348.0,2.0,0.001,fan_04,42.0,100.0,0.45834166666666665,0.7327586206896551,0.42,fan
198,OSVM,256.0,348.0,2.0,0.001,fan_04,42.0,100.0,0.4791708333333333,0.735632183908046,0.42,fan
199,OSVM,260.0,348.0,2.0,0.001,fan_04,42.0,100.0,0.5,0.7471264367816092,0.42,fan
200,OSVM,17.0,407.0,2.0,0.001,fan_00,99.0,100.0,0.0001,0.04176904176904177,0.99,fan
201,OSVM,28.0,407.0,2.0,0.001,fan_00,95.0,100.0,0.020929166666666665,0.0687960687960688,0.95,fan
202,OSVM,41.0,407.0,2.0,0.001,fan_00,93.0,100.0,0.041758333333333335,0.10073710073710074,0.93,fan
203,OSVM,60.0,407.0,2.0,0.001,fan_00,89.0,100.0,0.0625875,0.14742014742014742,0.89,fan
204,OSVM,70.0,407.0,2.0,0.001,fan_00,87.0,100.0,0.08341666666666667,0.171990171990172,0.87,fan
205,OSVM,78.0,407.0,2.0,0.001,fan_00,86.0,100.0,0.10424583333333333,0.19164619164619165,0.86,fan
206,OSVM,99.0,407.0,2.0,0.001,fan_00,79.0,100.0,0.125075,0.24324324324324326,0.79,fan
207,OSVM,112.0,407.0,2.0,0.001,fan_00,78.0,100.0,0.14590416666666664,0.2751842751842752,0.78,fan
208,OSVM,133.0,407.0,2.0,0.001,fan_00,75.0,100.0,0.16673333333333332,0.32678132678132676,0.75,fan
209,OSVM,145.0,407.0,2.0,0.001,fan_00,75.0,100.0,0.1875625,0.35626535626535627,0.75,fan
210,OSVM,159.0,407.0,2.0,0.001,fan_00,73.0,100.0,0.20839166666666664,0.3906633906633907,0.73,fan
211,OSVM,166.0,407.0,2.0,0.001,fan_00,70.0,100.0,0.22922083333333332,0.40786240786240785,0.7,fan
212,OSVM,171.0,407.0,2.0,0.001,fan_00,68.0,100.0,0.25005,0.4201474201474201,0.68,fan
213,OSVM,180.0,407.0,2.0,0.001,fan_00,66.0,100.0,0.27087916666666667,0.44226044226044225,0.66,fan
214,OSVM,190.0,407.0,2.0,0.001,fan_00,65.0,100.0,0.2917083333333333,0.4668304668304668,0.65,fan
215,OSVM,204.0,407.0,2.0,0.001,fan_00,62.0,100.0,0.31253749999999997,0.5012285012285013,0.62,fan
216,OSVM,212.0,407.0,2.0,0.001,fan_00,59.0,100.0,0.33336666666666664,0.5208845208845209,0.59,fan
217,OSVM,218.0,407.0,2.0,0.001,fan_00,59.0,100.0,0.3541958333333333,0.5356265356265356,0.59,fan
218,OSVM,233.0,407.0,2.0,0.001,fan_00,57.0,100.0,0.375025,0.5724815724815725,0.57,fan
219,OSVM,243.0,407.0,2.0,0.001,fan_00,51.0,100.0,0.3958541666666666,0.597051597051597,0.51,fan
220,OSVM,247.0,407.0,2.0,0.001,fan_00,48.0,100.0,0.4166833333333333,0.6068796068796068,0.48,fan
221,OSVM,252.0,407.0,2.0,0.001,fan_00,48.0,100.0,0.43751249999999997,0.6191646191646192,0.48,fan
222,OSVM,256.0,407.0,2.0,0.001,fan_00,48.0,100.0,0.45834166666666665,0.628992628992629,0.48,fan
223,OSVM,271.0,407.0,2.0,0.001,fan_00,47.0,100.0,0.4791708333333333,0.6658476658476659,0.47,fan
224,OSVM,277.0,407.0,2.0,0.001,fan_00,46.0,100.0,0.5,0.6805896805896806,0.46,fan
225,OSVM,245.0,359.0,2.0,0.001,fan_02,96.0,100.0,0.0001,0.6824512534818942,0.96,fan
226,OSVM,258.0,359.0,2.0,0.001,fan_02,94.0,100.0,0.020929166666666665,0.7186629526462396,0.94,fan
227,OSVM,275.0,359.0,2.0,0.001,fan_02,91.0,100.0,0.041758333333333335,0.766016713091922,0.91,fan
228,OSVM,282.0,359.0,2.0,0.001,fan_02,90.0,100.0,0.0625875,0.7855153203342619,0.9,fan
229,OSVM,295.0,359.0,2.0,0.001,fan_02,89.0,100.0,0.08341666666666667,0.8217270194986073,0.89,fan
230,OSVM,297.0,359.0,2.0,0.001,fan_02,87.0,100.0,0.10424583333333333,0.8272980501392758,0.87,fan
231,OSVM,308.0,359.0,2.0,0.001,fan_02,82.0,100.0,0.125075,0.8579387186629527,0.82,fan
232,OSVM,314.0,359.0,2.0,0.001,fan_02,81.0,100.0,0.14590416666666664,0.8746518105849582,0.81,fan
233,OSVM,319.0,359.0,2.0,0.001,fan_02,79.0,100.0,0.16673333333333332,0.8885793871866295,0.79,fan
234,OSVM,328.0,359.0,2.0,0.001,fan_02,76.0,100.0,0.1875625,0.9136490250696379,0.76,fan
235,OSVM,334.0,359.0,2.0,0.001,fan_02,74.0,100.0,0.20839166666666664,0.9303621169916435,0.74,fan
236,OSVM,337.0,359.0,2.0,0.001,fan_02,73.0,100.0,0.22922083333333332,0.9387186629526463,0.73,fan
237,OSVM,342.0,359.0,2.0,0.001,fan_02,65.0,100.0,0.25005,0.9526462395543176,0.65,fan
238,OSVM,345.0,359.0,2.0,0.001,fan_02,62.0,100.0,0.27087916666666667,0.9610027855153204,0.62,fan
239,OSVM,346.0,359.0,2.0,0.001,fan_02,60.0,100.0,0.2917083333333333,0.9637883008356546,0.6,fan
240,OSVM,348.0,359.0,2.0,0.001,fan_02,59.0,100.0,0.31253749999999997,0.9693593314763231,0.59,fan
241,OSVM,349.0,359.0,2.0,0.001,fan_02,56.0,100.0,0.33336666666666664,0.9721448467966574,0.56,fan
242,OSVM,350.0,359.0,2.0,0.001,fan_02,54.0,100.0,0.3541958333333333,0.9749303621169917,0.54,fan
243,OSVM,351.0,359.0,2.0,0.001,fan_02,49.0,100.0,0.375025,0.9777158774373259,0.49,fan
244,OSVM,351.0,359.0,2.0,0.001,fan_02,46.0,100.0,0.3958541666666666,0.9777158774373259,0.46,fan
245,OSVM,352.0,359.0,2.0,0.001,fan_02,44.0,100.0,0.4166833333333333,0.9805013927576601,0.44,fan
246,OSVM,353.0,359.0,2.0,0.001,fan_02,42.0,100.0,0.43751249999999997,0.9832869080779945,0.42,fan
247,OSVM,353.0,359.0,2.0,0.001,fan_02,39.0,100.0,0.45834166666666665,0.9832869080779945,0.39,fan
248,OSVM,353.0,359.0,2.0,0.001,fan_02,35.0,100.0,0.4791708333333333,0.9832869080779945,0.35,fan
249,OSVM,353.0,359.0,2.0,0.001,fan_02,33.0,100.0,0.5,0.9832869080779945,0.33,fan
250,OSVM,262.0,361.0,2.0,0.001,fan_06,99.0,100.0,0.0001,0.7257617728531855,0.99,fan
251,OSVM,273.0,361.0,2.0,0.001,fan_06,94.0,100.0,0.020929166666666665,0.7562326869806094,0.94,fan
252,OSVM,284.0,361.0,2.0,0.001,fan_06,89.0,100.0,0.041758333333333335,0.7867036011080333,0.89,fan
253,OSVM,296.0,361.0,2.0,0.001,fan_06,88.0,100.0,0.0625875,0.8199445983379502,0.88,fan
254,OSVM,301.0,361.0,2.0,0.001,fan_06,88.0,100.0,0.08341666666666667,0.8337950138504155,0.88,fan
255,OSVM,305.0,361.0,2.0,0.001,fan_06,87.0,100.0,0.10424583333333333,0.8448753462603878,0.87,fan
256,OSVM,309.0,361.0,2.0,0.001,fan_06,85.0,100.0,0.125075,0.8559556786703602,0.85,fan
257,OSVM,313.0,361.0,2.0,0.001,fan_06,79.0,100.0,0.14590416666666664,0.8670360110803325,0.79,fan
258,OSVM,313.0,361.0,2.0,0.001,fan_06,77.0,100.0,0.16673333333333332,0.8670360110803325,0.77,fan
259,OSVM,315.0,361.0,2.0,0.001,fan_06,76.0,100.0,0.1875625,0.8725761772853186,0.76,fan
260,OSVM,317.0,361.0,2.0,0.001,fan_06,73.0,100.0,0.20839166666666664,0.8781163434903048,0.73,fan
261,OSVM,321.0,361.0,2.0,0.001,fan_06,71.0,100.0,0.22922083333333332,0.889196675900277,0.71,fan
262,OSVM,324.0,361.0,2.0,0.001,fan_06,67.0,100.0,0.25005,0.8975069252077562,0.67,fan
263,OSVM,327.0,361.0,2.0,0.001,fan_06,65.0,100.0,0.27087916666666667,0.9058171745152355,0.65,fan
264,OSVM,327.0,361.0,2.0,0.001,fan_06,62.0,100.0,0.2917083333333333,0.9058171745152355,0.62,fan
265,OSVM,328.0,361.0,2.0,0.001,fan_06,62.0,100.0,0.31253749999999997,0.9085872576177285,0.62,fan
266,OSVM,329.0,361.0,2.0,0.001,fan_06,61.0,100.0,0.33336666666666664,0.9113573407202216,0.61,fan
267,OSVM,333.0,361.0,2.0,0.001,fan_06,59.0,100.0,0.3541958333333333,0.9224376731301939,0.59,fan
268,OSVM,337.0,361.0,2.0,0.001,fan_06,56.0,100.0,0.375025,0.9335180055401662,0.56,fan
269,OSVM,337.0,361.0,2.0,0.001,fan_06,54.0,100.0,0.3958541666666666,0.9335180055401662,0.54,fan
270,OSVM,340.0,361.0,2.0,0.001,fan_06,51.0,100.0,0.4166833333333333,0.9418282548476454,0.51,fan
271,OSVM,342.0,361.0,2.0,0.001,fan_06,48.0,100.0,0.43751249999999997,0.9473684210526315,0.48,fan
272,OSVM,343.0,361.0,2.0,0.001,fan_06,48.0,100.0,0.45834166666666665,0.9501385041551247,0.48,fan
273,OSVM,344.0,361.0,2.0,0.001,fan_06,48.0,100.0,0.4791708333333333,0.9529085872576177,0.48,fan
274,OSVM,344.0,361.0,2.0,0.001,fan_06,46.0,100.0,0.5,0.9529085872576177,0.46,fan
275,OSVM,120.0,120.0,2.0,0.001,valve_04,98.0,100.0,0.0001,1.0,0.98,valve
276,OSVM,120.0,120.0,2.0,0.001,valve_04,98.0,100.0,0.020929166666666665,1.0,0.98,valve
277,OSVM,120.0,120.0,2.0,0.001,valve_04,97.0,100.0,0.041758333333333335,1.0,0.97,valve
278,OSVM,120.0,120.0,2.0,0.001,valve_04,94.0,100.0,0.0625875,1.0,0.94,valve
279,OSVM,120.0,120.0,2.0,0.001,valve_04,91.0,100.0,0.08341666666666667,1.0,0.91,valve
280,OSVM,120.0,120.0,2.0,0.001,valve_04,90.0,100.0,0.10424583333333333,1.0,0.9,valve
281,OSVM,120.0,120.0,2.0,0.001,valve_04,84.0,100.0,0.125075,1.0,0.84,valve
282,OSVM,120.0,120.0,2.0,0.001,valve_04,80.0,100.0,0.14590416666666664,1.0,0.8,valve
283,OSVM,120.0,120.0,2.0,0.001,valve_04,78.0,100.0,0.16673333333333332,1.0,0.78,valve
284,OSVM,120.0,120.0,2.0,0.001,valve_04,77.0,100.0,0.1875625,1.0,0.77,valve
285,OSVM,120.0,120.0,2.0,0.001,valve_04,74.0,100.0,0.20839166666666664,1.0,0.74,valve
286,OSVM,120.0,120.0,2.0,0.001,valve_04,72.0,100.0,0.22922083333333332,1.0,0.72,valve
287,OSVM,120.0,120.0,2.0,0.001,valve_04,66.0,100.0,0.25005,1.0,0.66,valve
288,OSVM,120.0,120.0,2.0,0.001,valve_04,60.0,100.0,0.27087916666666667,1.0,0.6,valve
289,OSVM,120.0,120.0,2.0,0.001,valve_04,59.0,100.0,0.2917083333333333,1.0,0.59,valve
290,OSVM,120.0,120.0,2.0,0.001,valve_04,59.0,100.0,0.31253749999999997,1.0,0.59,valve
291,OSVM,120.0,120.0,2.0,0.001,valve_04,58.0,100.0,0.33336666666666664,1.0,0.58,valve
292,OSVM,120.0,120.0,2.0,0.001,valve_04,56.0,100.0,0.3541958333333333,1.0,0.56,valve
293,OSVM,120.0,120.0,2.0,0.001,valve_04,56.0,100.0,0.375025,1.0,0.56,valve
294,OSVM,120.0,120.0,2.0,0.001,valve_04,56.0,100.0,0.3958541666666666,1.0,0.56,valve
295,OSVM,120.0,120.0,2.0,0.001,valve_04,56.0,100.0,0.4166833333333333,1.0,0.56,valve
296,OSVM,120.0,120.0,2.0,0.001,valve_04,54.0,100.0,0.43751249999999997,1.0,0.54,valve
297,OSVM,120.0,120.0,2.0,0.001,valve_04,52.0,100.0,0.45834166666666665,1.0,0.52,valve
298,OSVM,120.0,120.0,2.0,0.001,valve_04,50.0,100.0,0.4791708333333333,1.0,0.5,valve
299,OSVM,120.0,120.0,2.0,0.001,valve_04,49.0,100.0,0.5,1.0,0.49,valve
300,OSVM,119.0,119.0,2.0,0.001,valve_00,99.0,100.0,0.0001,1.0,0.99,valve
301,OSVM,119.0,119.0,2.0,0.001,valve_00,95.0,100.0,0.020929166666666665,1.0,0.95,valve
302,OSVM,119.0,119.0,2.0,0.001,valve_00,92.0,100.0,0.041758333333333335,1.0,0.92,valve
303,OSVM,119.0,119.0,2.0,0.001,valve_00,90.0,100.0,0.0625875,1.0,0.9,valve
304,OSVM,119.0,119.0,2.0,0.001,valve_00,89.0,100.0,0.08341666666666667,1.0,0.89,valve
305,OSVM,119.0,119.0,2.0,0.001,valve_00,87.0,100.0,0.10424583333333333,1.0,0.87,valve
306,OSVM,119.0,119.0,2.0,0.001,valve_00,87.0,100.0,0.125075,1.0,0.87,valve
307,OSVM,119.0,119.0,2.0,0.001,valve_00,81.0,100.0,0.14590416666666664,1.0,0.81,valve
308,OSVM,119.0,119.0,2.0,0.001,valve_00,78.0,100.0,0.16673333333333332,1.0,0.78,valve
309,OSVM,119.0,119.0,2.0,0.001,valve_00,75.0,100.0,0.1875625,1.0,0.75,valve
310,OSVM,119.0,119.0,2.0,0.001,valve_00,73.0,100.0,0.20839166666666664,1.0,0.73,valve
311,OSVM,119.0,119.0,2.0,0.001,valve_00,72.0,100.0,0.22922083333333332,1.0,0.72,valve
312,OSVM,119.0,119.0,2.0,0.001,valve_00,71.0,100.0,0.25005,1.0,0.71,valve
313,OSVM,119.0,119.0,2.0,0.001,valve_00,64.0,100.0,0.27087916666666667,1.0,0.64,valve
314,OSVM,119.0,119.0,2.0,0.001,valve_00,63.0,100.0,0.2917083333333333,1.0,0.63,valve
315,OSVM,119.0,119.0,2.0,0.001,valve_00,59.0,100.0,0.31253749999999997,1.0,0.59,valve
316,OSVM,119.0,119.0,2.0,0.001,valve_00,57.0,100.0,0.33336666666666664,1.0,0.57,valve
317,OSVM,119.0,119.0,2.0,0.001,valve_00,55.0,100.0,0.3541958333333333,1.0,0.55,valve
318,OSVM,119.0,119.0,2.0,0.001,valve_00,53.0,100.0,0.375025,1.0,0.53,valve
319,OSVM,119.0,119.0,2.0,0.001,valve_00,51.0,100.0,0.3958541666666666,1.0,0.51,valve
320,OSVM,119.0,119.0,2.0,0.001,valve_00,48.0,100.0,0.4166833333333333,1.0,0.48,valve
321,OSVM,119.0,119.0,2.0,0.001,valve_00,47.0,100.0,0.43751249999999997,1.0,0.47,valve
322,OSVM,119.0,119.0,2.0,0.001,valve_00,44.0,100.0,0.45834166666666665,1.0,0.44,valve
323,OSVM,119.0,119.0,2.0,0.001,valve_00,43.0,100.0,0.4791708333333333,1.0,0.43,valve
324,OSVM,119.0,119.0,2.0,0.001,valve_00,43.0,100.0,0.5,1.0,0.43,valve
325,OSVM,119.0,120.0,2.0,0.001,valve_02,95.0,100.0,0.0001,0.9916666666666667,0.95,valve
326,OSVM,119.0,120.0,2.0,0.001,valve_02,87.0,100.0,0.020929166666666665,0.9916666666666667,0.87,valve
327,OSVM,120.0,120.0,2.0,0.001,valve_02,82.0,100.0,0.041758333333333335,1.0,0.82,valve
328,OSVM,120.0,120.0,2.0,0.001,valve_02,77.0,100.0,0.0625875,1.0,0.77,valve
329,OSVM,120.0,120.0,2.0,0.001,valve_02,76.0,100.0,0.08341666666666667,1.0,0.76,valve
330,OSVM,120.0,120.0,2.0,0.001,valve_02,74.0,100.0,0.10424583333333333,1.0,0.74,valve
331,OSVM,120.0,120.0,2.0,0.001,valve_02,70.0,100.0,0.125075,1.0,0.7,valve
332,OSVM,120.0,120.0,2.0,0.001,valve_02,69.0,100.0,0.14590416666666664,1.0,0.69,valve
333,OSVM,120.0,120.0,2.0,0.001,valve_02,64.0,100.0,0.16673333333333332,1.0,0.64,valve
334,OSVM,120.0,120.0,2.0,0.001,valve_02,64.0,100.0,0.1875625,1.0,0.64,valve
335,OSVM,120.0,120.0,2.0,0.001,valve_02,58.0,100.0,0.20839166666666664,1.0,0.58,valve
336,OSVM,120.0,120.0,2.0,0.001,valve_02,55.0,100.0,0.22922083333333332,1.0,0.55,valve
337,OSVM,120.0,120.0,2.0,0.001,valve_02,53.0,100.0,0.25005,1.0,0.53,valve
338,OSVM,120.0,120.0,2.0,0.001,valve_02,50.0,100.0,0.27087916666666667,1.0,0.5,valve
339,OSVM,120.0,120.0,2.0,0.001,valve_02,47.0,100.0,0.2917083333333333,1.0,0.47,valve
340,OSVM,120.0,120.0,2.0,0.001,valve_02,44.0,100.0,0.31253749999999997,1.0,0.44,valve
341,OSVM,120.0,120.0,2.0,0.001,valve_02,43.0,100.0,0.33336666666666664,1.0,0.43,valve
342,OSVM,120.0,120.0,2.0,0.001,valve_02,41.0,100.0,0.3541958333333333,1.0,0.41,valve
343,OSVM,120.0,120.0,2.0,0.001,valve_02,40.0,100.0,0.375025,1.0,0.4,valve
344,OSVM,120.0,120.0,2.0,0.001,valve_02,39.0,100.0,0.3958541666666666,1.0,0.39,valve
345,OSVM,120.0,120.0,2.0,0.001,valve_02,38.0,100.0,0.4166833333333333,1.0,0.38,valve
346,OSVM,120.0,120.0,2.0,0.001,valve_02,36.0,100.0,0.43751249999999997,1.0,0.36,valve
347,OSVM,120.0,120.0,2.0,0.001,valve_02,34.0,100.0,0.45834166666666665,1.0,0.34,valve
348,OSVM,120.0,120.0,2.0,0.001,valve_02,33.0,100.0,0.4791708333333333,1.0,0.33,valve
349,OSVM,120.0,120.0,2.0,0.001,valve_02,29.0,100.0,0.5,1.0,0.29,valve
350,OSVM,105.0,120.0,2.0,0.001,valve_06,99.0,100.0,0.0001,0.875,0.99,valve
351,OSVM,115.0,120.0,2.0,0.001,valve_06,96.0,100.0,0.020929166666666665,0.9583333333333334,0.96,valve
352,OSVM,116.0,120.0,2.0,0.001,valve_06,93.0,100.0,0.041758333333333335,0.9666666666666667,0.93,valve
353,OSVM,118.0,120.0,2.0,0.001,valve_06,90.0,100.0,0.0625875,0.9833333333333333,0.9,valve
354,OSVM,119.0,120.0,2.0,0.001,valve_06,83.0,100.0,0.08341666666666667,0.9916666666666667,0.83,valve
355,OSVM,120.0,120.0,2.0,0.001,valve_06,74.0,100.0,0.10424583333333333,1.0,0.74,valve
356,OSVM,120.0,120.0,2.0,0.001,valve_06,71.0,100.0,0.125075,1.0,0.71,valve
357,OSVM,120.0,120.0,2.0,0.001,valve_06,69.0,100.0,0.14590416666666664,1.0,0.69,valve
358,OSVM,120.0,120.0,2.0,0.001,valve_06,65.0,100.0,0.16673333333333332,1.0,0.65,valve
359,OSVM,120.0,120.0,2.0,0.001,valve_06,64.0,100.0,0.1875625,1.0,0.64,valve
360,OSVM,120.0,120.0,2.0,0.001,valve_06,63.0,100.0,0.20839166666666664,1.0,0.63,valve
361,OSVM,120.0,120.0,2.0,0.001,valve_06,60.0,100.0,0.22922083333333332,1.0,0.6,valve
362,OSVM,120.0,120.0,2.0,0.001,valve_06,58.0,100.0,0.25005,1.0,0.58,valve
363,OSVM,120.0,120.0,2.0,0.001,valve_06,56.0,100.0,0.27087916666666667,1.0,0.56,valve
364,OSVM,120.0,120.0,2.0,0.001,valve_06,56.0,100.0,0.2917083333333333,1.0,0.56,valve
365,OSVM,120.0,120.0,2.0,0.001,valve_06,55.0,100.0,0.31253749999999997,1.0,0.55,valve
366,OSVM,120.0,120.0,2.0,0.001,valve_06,54.0,100.0,0.33336666666666664,1.0,0.54,valve
367,OSVM,120.0,120.0,2.0,0.001,valve_06,53.0,100.0,0.3541958333333333,1.0,0.53,valve
368,OSVM,120.0,120.0,2.0,0.001,valve_06,49.0,100.0,0.375025,1.0,0.49,valve
369,OSVM,120.0,120.0,2.0,0.001,valve_06,49.0,100.0,0.3958541666666666,1.0,0.49,valve
370,OSVM,120.0,120.0,2.0,0.001,valve_06,46.0,100.0,0.4166833333333333,1.0,0.46,valve
371,OSVM,120.0,120.0,2.0,0.001,valve_06,44.0,100.0,0.43751249999999997,1.0,0.44,valve
372,OSVM,120.0,120.0,2.0,0.001,valve_06,44.0,100.0,0.45834166666666665,1.0,0.44,valve
373,OSVM,120.0,120.0,2.0,0.001,valve_06,44.0,100.0,0.4791708333333333,1.0,0.44,valve
374,OSVM,120.0,120.0,2.0,0.001,valve_06,44.0,100.0,0.5,1.0,0.44,valve
375,OSVM,91.0,100.0,2.0,0.001,pump_04,94.0,100.0,0.0001,0.91,0.94,pump
376,OSVM,91.0,100.0,2.0,0.001,pump_04,94.0,100.0,0.020929166666666665,0.91,0.94,pump
377,OSVM,91.0,100.0,2.0,0.001,pump_04,92.0,100.0,0.041758333333333335,0.91,0.92,pump
378,OSVM,91.0,100.0,2.0,0.001,pump_04,87.0,100.0,0.0625875,0.91,0.87,pump
379,OSVM,91.0,100.0,2.0,0.001,pump_04,84.0,100.0,0.08341666666666667,0.91,0.84,pump
380,OSVM,91.0,100.0,2.0,0.001,pump_04,81.0,100.0,0.10424583333333333,0.91,0.81,pump
381,OSVM,91.0,100.0,2.0,0.001,pump_04,81.0,100.0,0.125075,0.91,0.81,pump
382,OSVM,92.0,100.0,2.0,0.001,pump_04,79.0,100.0,0.14590416666666664,0.92,0.79,pump
383,OSVM,93.0,100.0,2.0,0.001,pump_04,77.0,100.0,0.16673333333333332,0.93,0.77,pump
384,OSVM,93.0,100.0,2.0,0.001,pump_04,75.0,100.0,0.1875625,0.93,0.75,pump
385,OSVM,93.0,100.0,2.0,0.001,pump_04,71.0,100.0,0.20839166666666664,0.93,0.71,pump
386,OSVM,93.0,100.0,2.0,0.001,pump_04,67.0,100.0,0.22922083333333332,0.93,0.67,pump
387,OSVM,93.0,100.0,2.0,0.001,pump_04,66.0,100.0,0.25005,0.93,0.66,pump
388,OSVM,93.0,100.0,2.0,0.001,pump_04,66.0,100.0,0.27087916666666667,0.93,0.66,pump
389,OSVM,93.0,100.0,2.0,0.001,pump_04,64.0,100.0,0.2917083333333333,0.93,0.64,pump
390,OSVM,94.0,100.0,2.0,0.001,pump_04,63.0,100.0,0.31253749999999997,0.94,0.63,pump
391,OSVM,94.0,100.0,2.0,0.001,pump_04,63.0,100.0,0.33336666666666664,0.94,0.63,pump
392,OSVM,94.0,100.0,2.0,0.001,pump_04,60.0,100.0,0.3541958333333333,0.94,0.6,pump
393,OSVM,95.0,100.0,2.0,0.001,pump_04,59.0,100.0,0.375025,0.95,0.59,pump
394,OSVM,95.0,100.0,2.0,0.001,pump_04,57.0,100.0,0.3958541666666666,0.95,0.57,pump
395,OSVM,96.0,100.0,2.0,0.001,pump_04,53.0,100.0,0.4166833333333333,0.96,0.53,pump
396,OSVM,97.0,100.0,2.0,0.001,pump_04,51.0,100.0,0.43751249999999997,0.97,0.51,pump
397,OSVM,97.0,100.0,2.0,0.001,pump_04,47.0,100.0,0.45834166666666665,0.97,0.47,pump
398,OSVM,98.0,100.0,2.0,0.001,pump_04,45.0,100.0,0.4791708333333333,0.98,0.45,pump
399,OSVM,98.0,100.0,2.0,0.001,pump_04,42.0,100.0,0.5,0.98,0.42,pump
400,OSVM,98.0,143.0,2.0,0.001,pump_00,86.0,100.0,0.0001,0.6853146853146853,0.86,pump
401,OSVM,110.0,143.0,2.0,0.001,pump_00,80.0,100.0,0.020929166666666665,0.7692307692307693,0.8,pump
402,OSVM,116.0,143.0,2.0,0.001,pump_00,71.0,100.0,0.041758333333333335,0.8111888111888111,0.71,pump
403,OSVM,120.0,143.0,2.0,0.001,pump_00,64.0,100.0,0.0625875,0.8391608391608392,0.64,pump
404,OSVM,126.0,143.0,2.0,0.001,pump_00,60.0,100.0,0.08341666666666667,0.8811188811188811,0.6,pump
405,OSVM,127.0,143.0,2.0,0.001,pump_00,58.0,100.0,0.10424583333333333,0.8881118881118881,0.58,pump
406,OSVM,129.0,143.0,2.0,0.001,pump_00,54.0,100.0,0.125075,0.9020979020979021,0.54,pump
407,OSVM,129.0,143.0,2.0,0.001,pump_00,54.0,100.0,0.14590416666666664,0.9020979020979021,0.54,pump
408,OSVM,132.0,143.0,2.0,0.001,pump_00,54.0,100.0,0.16673333333333332,0.9230769230769231,0.54,pump
409,OSVM,132.0,143.0,2.0,0.001,pump_00,52.0,100.0,0.1875625,0.9230769230769231,0.52,pump
410,OSVM,133.0,143.0,2.0,0.001,pump_00,49.0,100.0,0.20839166666666664,0.9300699300699301,0.49,pump
411,OSVM,133.0,143.0,2.0,0.001,pump_00,46.0,100.0,0.22922083333333332,0.9300699300699301,0.46,pump
412,OSVM,134.0,143.0,2.0,0.001,pump_00,42.0,100.0,0.25005,0.9370629370629371,0.42,pump
413,OSVM,134.0,143.0,2.0,0.001,pump_00,41.0,100.0,0.27087916666666667,0.9370629370629371,0.41,pump
414,OSVM,135.0,143.0,2.0,0.001,pump_00,37.0,100.0,0.2917083333333333,0.9440559440559441,0.37,pump
415,OSVM,136.0,143.0,2.0,0.001,pump_00,36.0,100.0,0.31253749999999997,0.951048951048951,0.36,pump
416,OSVM,136.0,143.0,2.0,0.001,pump_00,36.0,100.0,0.33336666666666664,0.951048951048951,0.36,pump
417,OSVM,136.0,143.0,2.0,0.001,pump_00,30.0,100.0,0.3541958333333333,0.951048951048951,0.3,pump
418,OSVM,136.0,143.0,2.0,0.001,pump_00,29.0,100.0,0.375025,0.951048951048951,0.29,pump
419,OSVM,137.0,143.0,2.0,0.001,pump_00,29.0,100.0,0.3958541666666666,0.958041958041958,0.29,pump
420,OSVM,137.0,143.0,2.0,0.001,pump_00,28.0,100.0,0.4166833333333333,0.958041958041958,0.28,pump
421,OSVM,138.0,143.0,2.0,0.001,pump_00,24.0,100.0,0.43751249999999997,0.965034965034965,0.24,pump
422,OSVM,138.0,143.0,2.0,0.001,pump_00,23.0,100.0,0.45834166666666665,0.965034965034965,0.23,pump
423,OSVM,138.0,143.0,2.0,0.001,pump_00,20.0,100.0,0.4791708333333333,0.965034965034965,0.2,pump
424,OSVM,139.0,143.0,2.0,0.001,pump_00,19.0,100.0,0.5,0.972027972027972,0.19,pump
425,OSVM,33.0,111.0,2.0,0.001,pump_02,94.0,100.0,0.0001,0.2972972972972973,0.94,pump
426,OSVM,44.0,111.0,2.0,0.001,pump_02,86.0,100.0,0.020929166666666665,0.3963963963963964,0.86,pump
427,OSVM,54.0,111.0,2.0,0.001,pump_02,74.0,100.0,0.041758333333333335,0.4864864864864865,0.74,pump
428,OSVM,64.0,111.0,2.0,0.001,pump_02,61.0,100.0,0.0625875,0.5765765765765766,0.61,pump
429,OSVM,70.0,111.0,2.0,0.001,pump_02,58.0,100.0,0.08341666666666667,0.6306306306306306,0.58,pump
430,OSVM,73.0,111.0,2.0,0.001,pump_02,55.0,100.0,0.10424583333333333,0.6576576576576577,0.55,pump
431,OSVM,76.0,111.0,2.0,0.001,pump_02,54.0,100.0,0.125075,0.6846846846846847,0.54,pump
432,OSVM,77.0,111.0,2.0,0.001,pump_02,52.0,100.0,0.14590416666666664,0.6936936936936937,0.52,pump
433,OSVM,79.0,111.0,2.0,0.001,pump_02,47.0,100.0,0.16673333333333332,0.7117117117117117,0.47,pump
434,OSVM,80.0,111.0,2.0,0.001,pump_02,47.0,100.0,0.1875625,0.7207207207207207,0.47,pump
435,OSVM,81.0,111.0,2.0,0.001,pump_02,45.0,100.0,0.20839166666666664,0.7297297297297297,0.45,pump
436,OSVM,82.0,111.0,2.0,0.001,pump_02,44.0,100.0,0.22922083333333332,0.7387387387387387,0.44,pump
437,OSVM,82.0,111.0,2.0,0.001,pump_02,38.0,100.0,0.25005,0.7387387387387387,0.38,pump
438,OSVM,83.0,111.0,2.0,0.001,pump_02,34.0,100.0,0.27087916666666667,0.7477477477477478,0.34,pump
439,OSVM,84.0,111.0,2.0,0.001,pump_02,34.0,100.0,0.2917083333333333,0.7567567567567568,0.34,pump
440,OSVM,85.0,111.0,2.0,0.001,pump_02,34.0,100.0,0.31253749999999997,0.7657657657657657,0.34,pump
441,OSVM,87.0,111.0,2.0,0.001,pump_02,31.0,100.0,0.33336666666666664,0.7837837837837838,0.31,pump
442,OSVM,89.0,111.0,2.0,0.001,pump_02,31.0,100.0,0.3541958333333333,0.8018018018018018,0.31,pump
443,OSVM,91.0,111.0,2.0,0.001,pump_02,30.0,100.0,0.375025,0.8198198198198198,0.3,pump
444,OSVM,91.0,111.0,2.0,0.001,pump_02,29.0,100.0,0.3958541666666666,0.8198198198198198,0.29,pump
445,OSVM,92.0,111.0,2.0,0.001,pump_02,29.0,100.0,0.4166833333333333,0.8288288288288288,0.29,pump
446,OSVM,92.0,111.0,2.0,0.001,pump_02,27.0,100.0,0.43751249999999997,0.8288288288288288,0.27,pump
447,OSVM,92.0,111.0,2.0,0.001,pump_02,24.0,100.0,0.45834166666666665,0.8288288288288288,0.24,pump
448,OSVM,94.0,111.0,2.0,0.001,pump_02,23.0,100.0,0.4791708333333333,0.8468468468468469,0.23,pump
449,OSVM,94.0,111.0,2.0,0.001,pump_02,21.0,100.0,0.5,0.8468468468468469,0.21,pump
450,OSVM,61.0,102.0,2.0,0.001,pump_06,96.0,100.0,0.0001,0.5980392156862745,0.96,pump
451,OSVM,76.0,102.0,2.0,0.001,pump_06,89.0,100.0,0.020929166666666665,0.7450980392156863,0.89,pump
452,OSVM,86.0,102.0,2.0,0.001,pump_06,88.0,100.0,0.041758333333333335,0.8431372549019608,0.88,pump
453,OSVM,92.0,102.0,2.0,0.001,pump_06,83.0,100.0,0.0625875,0.9019607843137255,0.83,pump
454,OSVM,94.0,102.0,2.0,0.001,pump_06,80.0,100.0,0.08341666666666667,0.9215686274509803,0.8,pump
455,OSVM,94.0,102.0,2.0,0.001,pump_06,77.0,100.0,0.10424583333333333,0.9215686274509803,0.77,pump
456,OSVM,95.0,102.0,2.0,0.001,pump_06,74.0,100.0,0.125075,0.9313725490196079,0.74,pump
457,OSVM,98.0,102.0,2.0,0.001,pump_06,71.0,100.0,0.14590416666666664,0.9607843137254902,0.71,pump
458,OSVM,98.0,102.0,2.0,0.001,pump_06,71.0,100.0,0.16673333333333332,0.9607843137254902,0.71,pump
459,OSVM,98.0,102.0,2.0,0.001,pump_06,69.0,100.0,0.1875625,0.9607843137254902,0.69,pump
460,OSVM,98.0,102.0,2.0,0.001,pump_06,65.0,100.0,0.20839166666666664,0.9607843137254902,0.65,pump
461,OSVM,99.0,102.0,2.0,0.001,pump_06,62.0,100.0,0.22922083333333332,0.9705882352941176,0.62,pump
462,OSVM,99.0,102.0,2.0,0.001,pump_06,59.0,100.0,0.25005,0.9705882352941176,0.59,pump
463,OSVM,99.0,102.0,2.0,0.001,pump_06,57.0,100.0,0.27087916666666667,0.9705882352941176,0.57,pump
464,OSVM,99.0,102.0,2.0,0.001,pump_06,56.0,100.0,0.2917083333333333,0.9705882352941176,0.56,pump
465,OSVM,100.0,102.0,2.0,0.001,pump_06,50.0,100.0,0.31253749999999997,0.9803921568627451,0.5,pump
466,OSVM,100.0,102.0,2.0,0.001,pump_06,48.0,100.0,0.33336666666666664,0.9803921568627451,0.48,pump
467,OSVM,100.0,102.0,2.0,0.001,pump_06,45.0,100.0,0.3541958333333333,0.9803921568627451,0.45,pump
468,OSVM,100.0,102.0,2.0,0.001,pump_06,40.0,100.0,0.375025,0.9803921568627451,0.4,pump
469,OSVM,100.0,102.0,2.0,0.001,pump_06,38.0,100.0,0.3958541666666666,0.9803921568627451,0.38,pump
470,OSVM,100.0,102.0,2.0,0.001,pump_06,32.0,100.0,0.4166833333333333,0.9803921568627451,0.32,pump
471,OSVM,100.0,102.0,2.0,0.001,pump_06,30.0,100.0,0.43751249999999997,0.9803921568627451,0.3,pump
472,OSVM,100.0,102.0,2.0,0.001,pump_06,29.0,100.0,0.45834166666666665,0.9803921568627451,0.29,pump
473,OSVM,100.0,102.0,2.0,0.001,pump_06,28.0,100.0,0.4791708333333333,0.9803921568627451,0.28,pump
474,OSVM,100.0,102.0,2.0,0.001,pump_06,27.0,100.0,0.5,0.9803921568627451,0.27,pump
475,OSVM,178.0,178.0,2.0,0.001,slider_04,80.0,100.0,0.0001,1.0,0.8,slider
476,OSVM,178.0,178.0,2.0,0.001,slider_04,65.0,100.0,0.020929166666666665,1.0,0.65,slider
477,OSVM,178.0,178.0,2.0,0.001,slider_04,64.0,100.0,0.041758333333333335,1.0,0.64,slider
478,OSVM,178.0,178.0,2.0,0.001,slider_04,63.0,100.0,0.0625875,1.0,0.63,slider
479,OSVM,178.0,178.0,2.0,0.001,slider_04,60.0,100.0,0.08341666666666667,1.0,0.6,slider
480,OSVM,178.0,178.0,2.0,0.001,slider_04,57.0,100.0,0.10424583333333333,1.0,0.57,slider
481,OSVM,178.0,178.0,2.0,0.001,slider_04,57.0,100.0,0.125075,1.0,0.57,slider
482,OSVM,178.0,178.0,2.0,0.001,slider_04,51.0,100.0,0.14590416666666664,1.0,0.51,slider
483,OSVM,178.0,178.0,2.0,0.001,slider_04,48.0,100.0,0.16673333333333332,1.0,0.48,slider
484,OSVM,178.0,178.0,2.0,0.001,slider_04,47.0,100.0,0.1875625,1.0,0.47,slider
485,OSVM,178.0,178.0,2.0,0.001,slider_04,44.0,100.0,0.20839166666666664,1.0,0.44,slider
486,OSVM,178.0,178.0,2.0,0.001,slider_04,42.0,100.0,0.22922083333333332,1.0,0.42,slider
487,OSVM,178.0,178.0,2.0,0.001,slider_04,41.0,100.0,0.25005,1.0,0.41,slider
488,OSVM,178.0,178.0,2.0,0.001,slider_04,40.0,100.0,0.27087916666666667,1.0,0.4,slider
489,OSVM,178.0,178.0,2.0,0.001,slider_04,36.0,100.0,0.2917083333333333,1.0,0.36,slider
490,OSVM,178.0,178.0,2.0,0.001,slider_04,32.0,100.0,0.31253749999999997,1.0,0.32,slider
491,OSVM,178.0,178.0,2.0,0.001,slider_04,32.0,100.0,0.33336666666666664,1.0,0.32,slider
492,OSVM,178.0,178.0,2.0,0.001,slider_04,31.0,100.0,0.3541958333333333,1.0,0.31,slider
493,OSVM,178.0,178.0,2.0,0.001,slider_04,31.0,100.0,0.375025,1.0,0.31,slider
494,OSVM,178.0,178.0,2.0,0.001,slider_04,31.0,100.0,0.3958541666666666,1.0,0.31,slider
495,OSVM,178.0,178.0,2.0,0.001,slider_04,31.0,100.0,0.4166833333333333,1.0,0.31,slider
496,OSVM,178.0,178.0,2.0,0.001,slider_04,30.0,100.0,0.43751249999999997,1.0,0.3,slider
497,OSVM,178.0,178.0,2.0,0.001,slider_04,30.0,100.0,0.45834166666666665,1.0,0.3,slider
498,OSVM,178.0,178.0,2.0,0.001,slider_04,30.0,100.0,0.4791708333333333,1.0,0.3,slider
499,OSVM,178.0,178.0,2.0,0.001,slider_04,30.0,100.0,0.5,1.0,0.3,slider
500,OSVM,342.0,356.0,2.0,0.001,slider_00,97.0,100.0,0.0001,0.9606741573033708,0.97,slider
501,OSVM,354.0,356.0,2.0,0.001,slider_00,93.0,100.0,0.020929166666666665,0.9943820224719101,0.93,slider
502,OSVM,355.0,356.0,2.0,0.001,slider_00,90.0,100.0,0.041758333333333335,0.9971910112359551,0.9,slider
503,OSVM,355.0,356.0,2.0,0.001,slider_00,89.0,100.0,0.0625875,0.9971910112359551,0.89,slider
504,OSVM,355.0,356.0,2.0,0.001,slider_00,87.0,100.0,0.08341666666666667,0.9971910112359551,0.87,slider
505,OSVM,355.0,356.0,2.0,0.001,slider_00,83.0,100.0,0.10424583333333333,0.9971910112359551,0.83,slider
506,OSVM,355.0,356.0,2.0,0.001,slider_00,81.0,100.0,0.125075,0.9971910112359551,0.81,slider
507,OSVM,355.0,356.0,2.0,0.001,slider_00,81.0,100.0,0.14590416666666664,0.9971910112359551,0.81,slider
508,OSVM,355.0,356.0,2.0,0.001,slider_00,79.0,100.0,0.16673333333333332,0.9971910112359551,0.79,slider
509,OSVM,355.0,356.0,2.0,0.001,slider_00,76.0,100.0,0.1875625,0.9971910112359551,0.76,slider
510,OSVM,355.0,356.0,2.0,0.001,slider_00,72.0,100.0,0.20839166666666664,0.9971910112359551,0.72,slider
511,OSVM,355.0,356.0,2.0,0.001,slider_00,72.0,100.0,0.22922083333333332,0.9971910112359551,0.72,slider
512,OSVM,355.0,356.0,2.0,0.001,slider_00,70.0,100.0,0.25005,0.9971910112359551,0.7,slider
513,OSVM,355.0,356.0,2.0,0.001,slider_00,69.0,100.0,0.27087916666666667,0.9971910112359551,0.69,slider
514,OSVM,355.0,356.0,2.0,0.001,slider_00,66.0,100.0,0.2917083333333333,0.9971910112359551,0.66,slider
515,OSVM,355.0,356.0,2.0,0.001,slider_00,65.0,100.0,0.31253749999999997,0.9971910112359551,0.65,slider
516,OSVM,355.0,356.0,2.0,0.001,slider_00,64.0,100.0,0.33336666666666664,0.9971910112359551,0.64,slider
517,OSVM,355.0,356.0,2.0,0.001,slider_00,62.0,100.0,0.3541958333333333,0.9971910112359551,0.62,slider
518,OSVM,355.0,356.0,2.0,0.001,slider_00,58.0,100.0,0.375025,0.9971910112359551,0.58,slider
519,OSVM,355.0,356.0,2.0,0.001,slider_00,57.0,100.0,0.3958541666666666,0.9971910112359551,0.57,slider
520,OSVM,355.0,356.0,2.0,0.001,slider_00,57.0,100.0,0.4166833333333333,0.9971910112359551,0.57,slider
521,OSVM,355.0,356.0,2.0,0.001,slider_00,55.0,100.0,0.43751249999999997,0.9971910112359551,0.55,slider
522,OSVM,355.0,356.0,2.0,0.001,slider_00,53.0,100.0,0.45834166666666665,0.9971910112359551,0.53,slider
523,OSVM,355.0,356.0,2.0,0.001,slider_00,48.0,100.0,0.4791708333333333,0.9971910112359551,0.48,slider
524,OSVM,355.0,356.0,2.0,0.001,slider_00,45.0,100.0,0.5,0.9971910112359551,0.45,slider
525,OSVM,76.0,267.0,2.0,0.001,slider_02,96.0,100.0,0.0001,0.2846441947565543,0.96,slider
526,OSVM,137.0,267.0,2.0,0.001,slider_02,93.0,100.0,0.020929166666666665,0.5131086142322098,0.93,slider
527,OSVM,198.0,267.0,2.0,0.001,slider_02,87.0,100.0,0.041758333333333335,0.7415730337078652,0.87,slider
528,OSVM,207.0,267.0,2.0,0.001,slider_02,84.0,100.0,0.0625875,0.7752808988764045,0.84,slider
529,OSVM,211.0,267.0,2.0,0.001,slider_02,83.0,100.0,0.08341666666666667,0.7902621722846442,0.83,slider
530,OSVM,226.0,267.0,2.0,0.001,slider_02,80.0,100.0,0.10424583333333333,0.846441947565543,0.8,slider
531,OSVM,237.0,267.0,2.0,0.001,slider_02,79.0,100.0,0.125075,0.8876404494382022,0.79,slider
532,OSVM,240.0,267.0,2.0,0.001,slider_02,77.0,100.0,0.14590416666666664,0.898876404494382,0.77,slider
533,OSVM,248.0,267.0,2.0,0.001,slider_02,75.0,100.0,0.16673333333333332,0.9288389513108615,0.75,slider
534,OSVM,250.0,267.0,2.0,0.001,slider_02,74.0,100.0,0.1875625,0.9363295880149812,0.74,slider
535,OSVM,252.0,267.0,2.0,0.001,slider_02,72.0,100.0,0.20839166666666664,0.9438202247191011,0.72,slider
536,OSVM,253.0,267.0,2.0,0.001,slider_02,71.0,100.0,0.22922083333333332,0.947565543071161,0.71,slider
537,OSVM,253.0,267.0,2.0,0.001,slider_02,69.0,100.0,0.25005,0.947565543071161,0.69,slider
538,OSVM,255.0,267.0,2.0,0.001,slider_02,66.0,100.0,0.27087916666666667,0.9550561797752809,0.66,slider
539,OSVM,256.0,267.0,2.0,0.001,slider_02,64.0,100.0,0.2917083333333333,0.9588014981273408,0.64,slider
540,OSVM,259.0,267.0,2.0,0.001,slider_02,62.0,100.0,0.31253749999999997,0.9700374531835206,0.62,slider
541,OSVM,259.0,267.0,2.0,0.001,slider_02,60.0,100.0,0.33336666666666664,0.9700374531835206,0.6,slider
542,OSVM,259.0,267.0,2.0,0.001,slider_02,59.0,100.0,0.3541958333333333,0.9700374531835206,0.59,slider
543,OSVM,259.0,267.0,2.0,0.001,slider_02,56.0,100.0,0.375025,0.9700374531835206,0.56,slider
544,OSVM,260.0,267.0,2.0,0.001,slider_02,55.0,100.0,0.3958541666666666,0.9737827715355806,0.55,slider
545,OSVM,260.0,267.0,2.0,0.001,slider_02,54.0,100.0,0.4166833333333333,0.9737827715355806,0.54,slider
546,OSVM,260.0,267.0,2.0,0.001,slider_02,52.0,100.0,0.43751249999999997,0.9737827715355806,0.52,slider
547,OSVM,260.0,267.0,2.0,0.001,slider_02,50.0,100.0,0.45834166666666665,0.9737827715355806,0.5,slider
548,OSVM,261.0,267.0,2.0,0.001,slider_02,50.0,100.0,0.4791708333333333,0.9775280898876404,0.5,slider
549,OSVM,261.0,267.0,2.0,0.001,slider_02,47.0,100.0,0.5,0.9775280898876404,0.47,slider
550,OSVM,68.0,89.0,2.0,0.001,slider_06,71.0,100.0,0.0001,0.7640449438202247,0.71,slider
551,OSVM,70.0,89.0,2.0,0.001,slider_06,70.0,100.0,0.020929166666666665,0.7865168539325843,0.7,slider
552,OSVM,72.0,89.0,2.0,0.001,slider_06,64.0,100.0,0.041758333333333335,0.8089887640449438,0.64,slider
553,OSVM,73.0,89.0,2.0,0.001,slider_06,61.0,100.0,0.0625875,0.8202247191011236,0.61,slider
554,OSVM,74.0,89.0,2.0,0.001,slider_06,60.0,100.0,0.08341666666666667,0.8314606741573034,0.6,slider
555,OSVM,74.0,89.0,2.0,0.001,slider_06,59.0,100.0,0.10424583333333333,0.8314606741573034,0.59,slider
556,OSVM,77.0,89.0,2.0,0.001,slider_06,55.0,100.0,0.125075,0.8651685393258427,0.55,slider
557,OSVM,78.0,89.0,2.0,0.001,slider_06,53.0,100.0,0.14590416666666664,0.8764044943820225,0.53,slider
558,OSVM,78.0,89.0,2.0,0.001,slider_06,52.0,100.0,0.16673333333333332,0.8764044943820225,0.52,slider
559,OSVM,78.0,89.0,2.0,0.001,slider_06,50.0,100.0,0.1875625,0.8764044943820225,0.5,slider
560,OSVM,78.0,89.0,2.0,0.001,slider_06,49.0,100.0,0.20839166666666664,0.8764044943820225,0.49,slider
561,OSVM,78.0,89.0,2.0,0.001,slider_06,48.0,100.0,0.22922083333333332,0.8764044943820225,0.48,slider
562,OSVM,79.0,89.0,2.0,0.001,slider_06,47.0,100.0,0.25005,0.8876404494382022,0.47,slider
563,OSVM,82.0,89.0,2.0,0.001,slider_06,42.0,100.0,0.27087916666666667,0.9213483146067416,0.42,slider
564,OSVM,82.0,89.0,2.0,0.001,slider_06,41.0,100.0,0.2917083333333333,0.9213483146067416,0.41,slider
565,OSVM,83.0,89.0,2.0,0.001,slider_06,38.0,100.0,0.31253749999999997,0.9325842696629213,0.38,slider
566,OSVM,84.0,89.0,2.0,0.001,slider_06,38.0,100.0,0.33336666666666664,0.9438202247191011,0.38,slider
567,OSVM,85.0,89.0,2.0,0.001,slider_06,33.0,100.0,0.3541958333333333,0.9550561797752809,0.33,slider
568,OSVM,85.0,89.0,2.0,0.001,slider_06,32.0,100.0,0.375025,0.9550561797752809,0.32,slider
569,OSVM,85.0,89.0,2.0,0.001,slider_06,30.0,100.0,0.3958541666666666,0.9550561797752809,0.3,slider
570,OSVM,85.0,89.0,2.0,0.001,slider_06,29.0,100.0,0.4166833333333333,0.9550561797752809,0.29,slider
571,OSVM,85.0,89.0,2.0,0.001,slider_06,27.0,100.0,0.43751249999999997,0.9550561797752809,0.27,slider
572,OSVM,85.0,89.0,2.0,0.001,slider_06,24.0,100.0,0.45834166666666665,0.9550561797752809,0.24,slider
573,OSVM,85.0,89.0,2.0,0.001,slider_06,24.0,100.0,0.4791708333333333,0.9550561797752809,0.24,slider
574,OSVM,85.0,89.0,2.0,0.001,slider_06,24.0,100.0,0.5,0.9550561797752809,0.24,slider
